763, ALBURNETT
294, BELLEVUE COMMUNITY
257, BELLEVUE MARQUETTE
832, CALAMUS-WHEATLAND
756, CAMANCHE
969, CAMANCHE 9TH
630, CEDAR RAPIDS KENNEDY
793, CEDAR RAPIDS KENNEDY 9TH
276, CEDAR RAPIDS METRO
783, CEDAR RAPIDS PRAIRIE
496, CEDAR RAPIDS PRAIRIE 9TH
718, CEDAR RAPIDS WASHINGTON
622, CEDAR RAPIDS XAVIER
755, CENTER POINT-URBANA
776, CENTRAL CITY
934, CENTRAL DEWITT
599, CENTRAL DEWITT 9TH
656, Cedar Valley Christian High School
647, EASTON VALLEY
185, LINN-MAR 9th
935, LISBON
757, MAQUOKETA
494, MARION
478, MIDLAND
259, MONTICELLO
762, MONTICELLO 9TH
130, MOUNT VERNON
107, Mount Vernon 9th
612, NORTH CEDAR
393, NORTH LINN
167, NORTHEAST COMMUNITY
914, PRINCE OF PEACE PREP
309, SPRINGVILLE
