458, ADM
690, ADM 9TH
855, BEDFORD
837, CAM
121, CAM 9TH
437, CLARINDA
487, CLARKE COMMUNITY
515, CRESTON
742, CRESTON 9TH
896, DIAGONAL
244, EARLHAM
363, EARLHAM 9TH
613, EAST UNION
704, INTERSTATE 35
710, LENOX
409, LENOX 9TH
243, MORMON TRAIL
309, MOUNT AYR
154, MOUNT AYR 9TH
280, MURRAY
967, NODAWAY VALLEY
824, ORIENT-MACKSBURG
261, PANORAMA
865, PANORAMA 9TH
189, SOUTH PAGE
305, SOUTHEAST WARREN
778, Southwest Valley High School
342, VAN METER
116, WAUKEE
245, WAUKEE 9TH
306, WEST CENTRAL VALLEY
267, WINTERSET
339, WINTERSET 9TH
